name,prompt
Preserve Reference Wardrobe,"Preserve the exact wardrobe shown in the supplied reference, including garment design, fit, layers, materials, colours, and accessories."
Minimal Black Studio Outfit,"Dress <Subject 1> in a fitted minimal black studio outfit with clean lines, matte fabric, and consistent garment construction throughout the shot."
Tailored Evening Suit,"Dress <Subject 1> in a precisely tailored evening suit with sharp lapels, clean seams, coordinated shoes, and stable fabric details."
Luxury Evening Dress,"Dress <Subject 1> in an elegant floor-length evening dress with refined fabric movement, a consistent silhouette, and no wardrobe changes."
Modern Coordinated Lingerie,"Dress <Subject 1> in a coordinated modern lingerie set with consistent material, colour, fit, coverage, and garment geometry throughout the shot."
Casual Streetwear,"Dress <Subject 1> in coordinated contemporary streetwear with layered textures, clean footwear, and unchanged logos and garment details."
Athletic Performance Wear,"Dress <Subject 1> in fitted athletic performance wear that allows clear movement while preserving garment edges, colours, and fit."
Flowing Editorial Fabric,"Style <Subject 1> in a refined editorial outfit with one controlled flowing fabric element that moves naturally without changing shape or colour."
Keep Original Clothing,"Do not redesign, replace, remove, recolour, or restyle any clothing visible in the original source."
